createdTimestamp,content,id
2022/6/2 23:55:42,https://www.wantedly.com/projects/919254,981934138586173491
2022/6/2 23:28:48,https://www.wantedly.com/projects/916529,981927371978448927
2022/5/6 21:05:52,https://www.wantedly.com/projects/910131,972106926131380294
2022/5/6 21:05:57,https://www.wantedly.com/projects/909807,972106947006443560
2022/6/9 23:00:38,https://www.wantedly.com/projects/908767,984456997984436264
2022/5/6 21:06:00,https://www.wantedly.com/projects/903561,972106962579882024
2022/6/2 23:51:30,https://www.wantedly.com/projects/903561,981933084385607790
2022/5/6 21:09:27,https://www.wantedly.com/projects/901990,972107829647396884
2022/5/6 21:13:24,https://www.wantedly.com/projects/899656,972108822187475007
2022/5/6 21:13:31,https://www.wantedly.com/projects/898220,972108851992203274
2022/5/6 21:06:05,https://www.wantedly.com/projects/898124,972106981957566474
2022/5/6 21:13:59,https://www.wantedly.com/projects/897780,972108969231417364
2022/5/6 21:14:27,https://www.wantedly.com/projects/897602,972109086000820255
2022/5/6 21:15:05,https://www.wantedly.com/projects/884310,972109247867396096
2022/5/6 21:16:31,https://www.wantedly.com/projects/880318,972109608032296963
2022/5/6 21:18:12,https://www.wantedly.com/projects/877629,972110030411296858
2022/5/6 21:15:28,https://www.wantedly.com/projects/874397,972109345837961287
2022/6/2 23:57:16,https://www.wantedly.com/projects/874397,981934536520790087
2022/6/6 23:06:17,https://www.wantedly.com/projects/874397,983371253933015071
2022/6/3 0:04:35,https://www.wantedly.com/projects/867708,981936375081361458
2022/5/6 21:20:02,https://www.wantedly.com/projects/865187,972110492380328016
2022/6/3 0:13:57,https://www.wantedly.com/projects/858302,981938733181964350
2022/5/8 1:25:36,https://www.wantedly.com/projects/836543,972534681880916068
2022/6/5 0:21:45,https://www.wantedly.com/projects/836466,982665471885189120
2022/5/8 1:29:55,https://www.wantedly.com/projects/824142,972535765856817173
2022/6/3 0:11:27,https://www.wantedly.com/projects/781572,981938105206571048
2022/6/4 14:49:42,https://www.wantedly.com/projects/725419,982521510386348083
2022/6/4 14:52:06,https://www.wantedly.com/projects/525635,982522113489535036
2022/6/9 23:00:19,https://www.wantedly.com/projects/1035755,984456919244767262
2022/6/9 23:01:34,https://www.wantedly.com/projects/1035618,984457233809145906
2022/6/4 15:09:31,https://www.wantedly.com/projects/1024425,982526497808072744
2022/6/3 0:01:07,https://www.wantedly.com/projects/1020200,981935504775848007
2022/6/4 15:28:46,https://www.unizonbex.com/recruit/engineer/,982531340643758080
2022/6/3 1:09:40,https://www.in-fra.jp/long-internships/9354,981952752785698816
2022/6/3 1:15:12,https://www.in-fra.jp/long-internships/14720,981954148364845056
2022/6/3 1:13:51,https://www.in-fra.jp/long-internships/14536,981953805497278464
2022/6/3 1:09:42,https://www.in-fra.jp/long-internships/14451,981952764907253840
2022/6/4 14:54:31,https://www.cyberowl.co.jp/recruit/intern,982522721831383101
2022/6/4 15:27:26,https://spice-factory.co.jp/joinus/webengineers_intern/,982531006886199306
2022/6/4 15:50:47,https://open.talentio.com/r/1/c/synchro-food/pages/20663,982536881306742835
2022/6/4 15:53:35,https://nzigen.com/recruit/parttime-frontend-engineer/,982537587287785502
2022/6/3 0:17:08,https://jp.indeed.com/rc/clk?jk=12fd0f6783a55ff1&fccid=dc4fa2d042fa42df&vjs=3,981939532641489006
2022/6/4 14:47:31,https://jp.indeed.com/m/viewjob?jk=3c99f85bf049de70&from=serpJapan&prevUrl=http%3A%2F%2Fjp.indeed.com%2Fm%2Fjobs%3Fq%3D%25E6%25A0%25AA%25E5%25BC%258F%25E4%25BC%259A%25E7%25A4%25BE%25E3%2582%25AF%25E3%2583%25A9%25E3%2582%25A6%25E3%2583%2589%25E3%2582%25B9%25E3%2583%259F%25E3%2582%25B9,982520959959437412
2022/6/3 0:43:41,https://jp.indeed.com/jobs?q=React&sc=0kf%3Ajt(internship)%3B&start=20&vjk=d6751cb3a7ff2797,981946214155169813
2022/6/3 0:40:34,https://jp.indeed.com/jobs?q=React&sc=0kf%3Ajt(internship)%3B&start=20&vjk=cc550faadae4f5f9,981945429308616735
2022/6/3 0:42:36,https://jp.indeed.com/jobs?q=React&sc=0kf%3Ajt(internship)%3B&start=20&vjk=53d1d23c1bd4ca57,981945942423003177
2022/6/3 0:41:30,https://jp.indeed.com/jobs?q=React&sc=0kf%3Ajt(internship)%3B&start=20&vjk=0a0455c3b60509a4,981945665863155723
2022/6/3 0:39:14,https://jp.indeed.com/jobs?q=React&sc=0kf%3Ajt(internship)%3B&start=10&vjk=f09e063493f0880a,981945097522380860
2022/6/3 0:38:01,https://jp.indeed.com/jobs?q=React&sc=0kf%3Ajt(internship)%3B&start=10&vjk=ca98f5b4deddd77d,981944791719878736
2022/6/3 0:37:42,https://jp.indeed.com/jobs?q=React&sc=0kf%3Ajt(internship)%3B&start=10&vjk=ac133e015516c4df,981944709696090122
2022/6/3 0:39:44,https://jp.indeed.com/jobs?q=React&sc=0kf%3Ajt(internship)%3B&start=10&vjk=2a3a8c5387e5cbad,981945222416187412
2022/6/3 0:28:54,https://jp.indeed.com/jobs?q=React%20%E6%9C%AA%E7%B5%8C%E9%A8%93&sc=0kf%3Ajt(internship)%3B&start=10&vjk=21e0cb4aed338ed0,981942495883690064
2022/6/3 0:59:34,https://jp.indeed.com/jobs?q=%E3%83%95%E3%83%AD%E3%83%B3%E3%83%88%E3%82%A8%E3%83%B3%E3%83%89&sc=0kf%3Ajt(parttime)%3B&start=30&vjk=c3aa77501d5538a7,981950213478580254
2022/6/3 0:58:09,https://jp.indeed.com/jobs?q=%E3%83%95%E3%83%AD%E3%83%B3%E3%83%88%E3%82%A8%E3%83%B3%E3%83%89&sc=0kf%3Ajt(parttime)%3B&start=20&vjk=59de6d0a3426ec8c,981949857453441074
2022/6/3 0:50:21,https://jp.indeed.com/jobs?q=%E3%83%95%E3%83%AD%E3%83%B3%E3%83%88%E3%82%A8%E3%83%B3%E3%83%89&sc=0kf%3Ajt(parttime)%3B&grpKey=kAON%2BYgNmAOTrKIOoAMB8gcDdGNs&vjk=da91a2308b3804cd,981947892912750692
2022/6/3 0:33:14,https://jp.indeed.com/%E6%B1%82%E4%BA%BA?q=React&sc=0kf%3Ajt(internship)%3B&vjk=b66d48a3a3cd68e6,981943586482438214
2022/6/3 0:31:53,https://jp.indeed.com/%E6%B1%82%E4%BA%BA?q=React&sc=0kf%3Ajt(internship)%3B&vjk=90733518aafed107,981943245284180000
2022/6/3 0:32:29,https://jp.indeed.com/%E6%B1%82%E4%BA%BA?q=React&sc=0kf%3Ajt(internship)%3B&vjk=903ec70b66cb61cf,981943396115546212
2022/6/3 0:31:26,https://jp.indeed.com/%E6%B1%82%E4%BA%BA?q=React&sc=0kf%3Ajt(internship)%3B&vjk=4b902217d2e43626,981943131123646515
2022/6/3 0:20:57,https://jp.indeed.com/%E6%B1%82%E4%BA%BA?q=React%20%E6%9C%AA%E7%B5%8C%E9%A8%93&sc=0kf%3Ajt(internship)%3B&vjk=f529fd343ee826a5,981940493141303346
2022/6/3 0:18:39,https://jp.indeed.com/%E6%B1%82%E4%BA%BA?q=React%20%E6%9C%AA%E7%B5%8C%E9%A8%93&sc=0kf%3Ajt(internship)%3B&vjk=eb29af1c405051bf,981939914574819398
2022/6/3 0:26:16,https://jp.indeed.com/%E6%B1%82%E4%BA%BA?q=React%20%E6%9C%AA%E7%B5%8C%E9%A8%93&sc=0kf%3Ajt(internship)%3B&vjk=e75bb13d72bc21c5,981941831644381234
2022/6/3 0:23:22,https://jp.indeed.com/%E6%B1%82%E4%BA%BA?q=React%20%E6%9C%AA%E7%B5%8C%E9%A8%93&sc=0kf%3Ajt(internship)%3B&vjk=b78780885f698bb9,981941100841418762
2022/6/3 0:22:39,https://jp.indeed.com/%E6%B1%82%E4%BA%BA?q=React%20%E6%9C%AA%E7%B5%8C%E9%A8%93&sc=0kf%3Ajt(internship)%3B&vjk=7fb106151d60a7da,981940921568485467
2022/6/3 0:21:22,https://jp.indeed.com/%E6%B1%82%E4%BA%BA?q=React%20%E6%9C%AA%E7%B5%8C%E9%A8%93&sc=0kf%3Ajt(internship)%3B&vjk=55e643a97bd0d6d3,981940597730447370
2022/6/3 0:27:01,https://jp.indeed.com/%E6%B1%82%E4%BA%BA?q=React%20%E6%9C%AA%E7%B5%8C%E9%A8%93&sc=0kf%3Ajt(internship)%3B&vjk=3c99f85bf049de70,981942019586928680
2022/6/3 0:25:50,https://jp.indeed.com/%E6%B1%82%E4%BA%BA?q=React%20%E6%9C%AA%E7%B5%8C%E9%A8%93&sc=0kf%3Ajt(internship)%3B&vjk=29e07286ec1fbfe1,981941721497739265
2022/6/4 15:15:46,https://jeek.jp/article/5510,982528072546918450
2022/6/4 14:37:22,https://jeek.jp/article/5477,982518407972921404
2022/6/4 14:38:18,https://jeek.jp/article/5431,982518642304512041
2022/6/4 14:50:54,https://jeek.jp/article/5307,982521812283953192
2022/6/4 15:13:18,https://jeek.jp/article/5163,982527450904920144
2022/6/4 14:40:25,https://herp.careers/v1/socialdog/SAVyLK-0XEFk,982519174884630549
2022/6/4 15:52:39,https://herp.careers/v1/prtimes/yqADIecHef7y,982537351844749343
2022/6/4 15:10:57,https://en-gage.net/six11/work_2517393/?via_recruit_page=1,982526859302535168
2022/6/4 14:36:16,https://en-gage.net/aiot/work_2578346/?via_recruit_page=1,982518127994761216
2022/6/3 1:23:12,https://careerbaito.com/job/35793,981956161236533320
2022/6/3 1:27:05,https://careerbaito.com/job/34902,981957135925674046
2022/6/3 1:28:19,https://careerbaito.com/job/34873,981957448199970846
2022/6/4 15:29:45,https://cacco.co.jp/recruitment/recruit/intern.html,982531587797303316
2022/6/4 15:43:30,https://01intern.com/job/1320.html,982535049624846336
